{
    "topic": "garage/001/bay/02",
    "time": 1583769666000,
    "label": "Truck",
    "boundingBox": {
      "Width": 0.8527305722236633,
      "Height": 0.8488181829452515,
      "Left": 0.03070831298828125,
      "Top": 0.1242440715432167
    },
    "confidence": 99.64397430419922,
    "iou": 0.7309633329315257,
    "url": "s3://image-url"
  }